ID,post_dedup_count
S1_ACCA,368211
S1_AGAC,216301
S1_AGTG,224283
S1_CATC,422695
S1_CTAC,316539
S1_GACT,364504
S1_GCTT,158439
S1_GTGA,462672
S1_GTGT,190820
S1_TCAC,345299
S1_TCAG,222651
S1_TGTC,207191
S2_ACCA,271384
S2_AGAC,202438
S2_AGTG,500727
S2_CATC,157500
S2_CTAC,360326
S2_GACT,286301
S2_GCTT,573213
S2_GTGA,365148
S2_GTGT,246724
S2_TCAC,221958
S2_TCAG,447605
S2_TGTC,187668
S3_ACCA,566244
S3_AGAC,228974
S3_AGTG,192919
S3_CATC,190911
S3_CTAC,352408
S3_GACT,342294
S3_GCTT,311167
S3_GTGA,290302
S3_GTGT,263747
S3_TCAC,365213
S3_TCAG,444273
S3_TGTC,282685
S4_ACCA,148292
S4_AGAC,272227
S4_AGTG,176710
S4_CATC,329553
S4_CTAC,241495
S4_GACT,196518
S4_GCTT,181929
S4_GTGA,455362
S4_GTGT,137730
S4_TCAC,355262
S4_TCAG,273862
S4_TGTC,330555
S5_ACCA,66767
S5_AGAC,118387
S5_AGTG,159731
S5_CATC,145142
S5_CTAC,166842
S5_GACT,665849
S5_GCTT,223958
S5_GTGA,254937
S5_GTGT,211054
S5_TCAC,270141
S5_TCAG,149117
S5_TGTC,204632
S6_ACCA,130438
S6_AGAC,396539
S6_AGTG,195729
S6_CATC,88614
S6_CTAC,130964
S6_GACT,552994
S6_GCTT,381608
S6_GTGA,386045
S6_GTGT,390358
S6_TCAC,423392
S6_TCAG,200083
S6_TGTC,219568
S7_ACCA,650698
S7_AGAC,201763
S7_AGTG,458740
S7_CATC,259006
S7_CTAC,311347
S7_GACT,441388
S7_GCTT,274559
S7_GTGA,365798
S7_GTGT,194614
S7_TCAC,643939
S7_TCAG,319966
S7_TGTC,517398
S8_ACCA,225691
S8_AGAC,217430
S8_AGTG,244943
S8_CATC,519213
S8_CTAC,264920
S8_GACT,86977
S8_GCTT,376867
S8_GTGA,256446
S8_GTGT,327712
S8_TCAC,293079
S8_TCAG,351539
S8_TGTC,308742
S9_ACCA,307991
S9_AGAC,105803
S9_AGTG,200420
S9_CATC,229515
S9_CTAC,270691
S9_GACT,240773
S9_GCTT,124298
S9_GTGA,189282
S9_GTGT,91338
S9_TCAC,252834
S9_TCAG,384589
S9_TGTC,238742
S10_ACCA,287115
S10_AGAC,337427
S10_AGTG,496764
S10_CATC,444496
S10_CTAC,321754
S10_GACT,304492
S10_GCTT,171501
S10_GTGA,480603
S10_GTGT,341665
S10_TCAC,496811
S10_TCAG,349633
S10_TGTC,390974
S11_ACCA,486690
S11_AGAC,157130
S11_AGTG,119464
S11_CATC,261607
S11_CTAC,272157
S11_GACT,226353
S11_GCTT,372128
S11_GTGA,194937
S11_GTGT,510038
S11_TCAC,395788
S11_TCAG,609551
S11_TGTC,1358318
S12_ACCA,121605
S12_AGAC,127154
S12_AGTG,242917
S12_CATC,125703
S12_CTAC,612030
S12_GACT,461708
S12_GCTT,112705
S12_GTGA,210205
S12_GTGT,439617
S12_TCAC,271823
S12_TCAG,228979
S12_TGTC,314769
S13_ACCA,253975
S13_AGAC,387789
S13_AGTG,221380
S13_CATC,278442
S13_CTAC,411489
S13_GACT,101824
S13_GCTT,180468
S13_GTGA,77605
S13_GTGT,323836
S13_TCAC,45205
S13_TCAG,91178
S13_TGTC,218822
S14_ACCA,447868
S14_AGAC,642654
S14_AGTG,475572
S14_CATC,322334
S14_CTAC,163171
S14_GACT,300250
S14_GCTT,195117
S14_GTGA,257091
S14_GTGT,146388
S14_TCAC,726571
S14_TCAG,500309
S14_TGTC,63079
S15_ACCA,225500
S15_AGAC,62606
S15_AGTG,239541
S15_CATC,109865
S15_CTAC,81273
S15_GACT,261873
S15_GCTT,201021
S15_GTGA,294113
S15_GTGT,242998
S15_TCAC,52619
S15_TCAG,261843
S15_TGTC,465042
S16_ACCA,174748
S16_AGAC,279145
S16_AGTG,532816
S16_CATC,149284
S16_CTAC,534207
S16_GACT,134943
S16_GCTT,137831
S16_GTGA,648587
S16_GTGT,404740
S16_TCAC,247652
S16_TCAG,261438
S16_TGTC,519923
S17_ACCA,133768
S17_AGAC,788049
S17_AGTG,132504
S17_CATC,534928
S17_GCTT,77500
S17_GTGA,114751
S17_GTGT,5285
S17_TCAG,453686
