ID,raw_count,bcg1_count,post_dedup_count,post_filt_count,reads,allignment_rate,Sample Number,raw_count_Z,bcg1_count_Z,post_dedup_count_Z,post_filt_count_Z,reads_Z,allignment_rate_Z
S7_TGTC,4324452,4235342,517398,517398,517398,28.83,1,1.8659603119200356,1.870103939970554,1.3249106688623526,1.324910738977054,1.324910738977054,-0.8486468734373851
S10_AGTG,2511035,2444053,496764,496764,496764,4.17,2,0.5962615452485356,0.5885904904052551,1.2009091000928684,1.200909169269872,1.200909169269872,-1.7125754023620752
S13_CTAC,2195954,2166437,411489,411489,411489,0.45,3,0.37565152719884104,0.38998008314293175,0.68844259932628,0.6884426646280207,0.6884426646280207,-1.8429003872606902
S16_GTGT,2137286,2100111,404740,404740,404740,11.74,4,0.3345739993918978,0.34252952599896,0.6478839782336537,0.6478840432286909,0.6478840432286909,-1.4473710648130118
S14_TGTC,247758,242169,63079,63079,63079,76.53,5,-0.9884153467933792,-0.9866684211286396,-1.4053533963592906,-1.405353346890799,-1.405353346890799,0.8224557555045342
S14_TCAC,4202996,4090369,726571,726571,726571,24.29,8,1.7809205591191886,1.766388208269064,2.581951482287736,2.5819515619081583,2.5819515619081583,-1.007699408770641
S11_ACCA,3426152,3337726,486690,486690,486690,35.94,9,1.2369983014717998,1.22793677624376,1.1403686424121575,1.1403687111313552,1.1403687111313552,-0.5995579910101934
S9_AGAC,258429,247835,105803,105803,105803,78.2,10,-0.9809438410453071,-0.982614884705853,-1.1486003177459605,-1.1486002663359067,-1.1486002663359067,0.8809618643165469
S14_CTAC,452873,443168,163171,163171,163171,79.49,11,-0.8448001372051682,-0.8428708977534748,-0.8038430240962667,-0.8038429700791642,-0.8038429700791642,0.9261552058539696
S13_TGTC,1944890,1915797,218822,218822,218822,0.69,12,0.19986424211459755,0.2106686872715528,-0.4694041705734124,-0.46940411402728893,-0.46940411402728893,-1.8344923237188442
S12_TCAG,2223519,2164481,228979,228979,228979,32.96,13,0.39495169175189193,0.3885807331176987,-0.4083649181748637,-0.40836486116716253,-0.40836486116716253,-0.7039581133214494
S7_ACCA,3137036,3068685,650698,650698,650698,23.47,14,1.0345681772229385,1.0354610450889896,2.1259870048598457,2.1259870810322723,2.1259870810322723,-1.036426959205282
S8_CATC,2242123,2186411,519213,519213,519213,19.96,15,0.40797763992330344,0.404269764842321,1.3358180473307357,1.3358181175279185,1.3358181175279185,-1.1593948885047816
S10_AGAC,1975540,1913493,337427,337427,337427,32.12,16,0.22132442871176825,0.20902037313140095,0.24336146206711776,0.24336152400316258,0.24336152400316258,-0.733386335717911
S9_ACCA,1916009,1875435,307991,307991,307991,13.86,17,0.17964265486784758,0.18179314242571576,0.06646361490716123,0.06646367550550758,0.06646367550550758,-1.3730998368600376
S10_TCAC,3475357,3399515,496811,496811,496811,4.71,20,1.2714501279485955,1.2721414995101845,1.2011915501138126,1.2011916192929522,1.2011916192929522,-1.6936572593929213
S16_AGTG,4491375,4374724,532816,532816,532816,36.6,21,1.9828346586528096,1.969819791308507,1.4175662948819279,1.4175663656972892,1.4175663656972892,-0.5764358162701163
S6_GCTT,6484337,6365957,381608,381608,381608,1.22,22,3.3782453079536414,3.394376002348858,0.5088704913297227,0.5088705552735422,0.5088705552735422,-1.8159245167306006
S11_TCAC,3026853,2949429,395788,395788,395788,40.56,24,0.9574214320406853,0.9501436183971719,0.5940862636061252,0.5940863281943449,0.5940863281943449,-0.4377027678296551
S13_CATC,2741680,2696004,278442,278442,278442,0.98,26,0.7577520750268205,0.7688397941923195,-0.1111133142180445,-0.11111325496253181,-0.11111325496253181,-1.8243325802724468
S12_AGAC,341634,331180,127154,127154,127154,80.65,27,-0.922686261083885,-0.9229886945969316,-1.0202898837633463,-1.020289831383011,-1.020289831383011,0.9667941796395596
S13_AGAC,3326246,3268141,387789,387789,387789,6.41,28,1.167047195364885,1.1781546844718565,0.546015673871362,0.5460157380960726,0.5460157380960726,-1.6341001426381778
S17_AGAC,9650018,9452617,788049,788049,788049,0.33,29,5.59475770492323,5.602616160265993,2.9514081288327767,2.9514082112470237,2.9514082112470237,-1.8471044190316135
S11_GACT,741957,725775,226353,226353,226353,77.32,30,-0.6423924183713512,-0.6406898586016124,-0.4241460618982652,-0.42414600500990074,-0.42414600500990074,0.8501322979964441
S13_TCAG,401757,378887,91178,91178,91178,76.93,31,-0.8805899870616438,-0.8888584330152371,-1.2364903508589637,-1.2364903001135328,-1.2364903001135328,0.8364691947409446
S8_GACT,315520,309954,86977,86977,86977,77.07,32,-0.9409704800985185,-0.9381740747787297,-1.261736575071458,-1.2617365245169385,-1.2617365245169385,0.8413738984736877
S12_CATC,304574,295451,125703,125702,125702,78.72,33,-0.9486345323821279,-0.9485497258093817,-1.029009776963139,-1.0290157342237027,-1.0290157342237027,0.8991793353238801
S9_GTGA,762672,735727,189282,189282,189282,40.17,34,-0.6278884129762324,-0.6335700572462344,-0.6469270135243947,-0.6469269583206959,-0.6469269583206959,-0.45136587108515513
S16_CATC,399778,388524,149284,149284,149284,69.88,35,-0.881975621948293,-0.8819639871087079,-0.8872979909229524,-0.8872979375369348,-0.8872979375369348,0.589482328199214
S16_GTGA,6555866,6401418,648587,648587,648587,25.78,36,3.4283277121007547,3.4197453025762554,2.1133007922170046,2.1133008682934986,2.1133008682934986,-0.9554993476150129
S15_GTGT,1590147,1557746,242998,242998,242998,28.6,37,-0.04851588754413398,-0.045486055000802404,-0.32411668745956845,-0.3241166298147836,-0.3241166298147836,-0.8567046009983208
S15_ACCA,2199728,2157774,225500,225500,225500,29.71,38,0.37829396583563457,0.38378245059252575,-0.42927222929965947,-0.429272172450059,-0.429272172450059,-0.8178173071172825
S15_GCTT,1362652,1335994,201021,201021,201021,24.76,39,-0.2078008842789903,-0.20413056767743035,-0.5763806136123574,-0.576380557875188,-0.576380557875188,-0.991233617667859
S17_ACCA,402247,394197,133768,133768,133768,0.68,40,-0.8802469041437772,-0.8779054427870581,-0.9805425552840709,-0.9805425026031671,-0.9805425026031671,-1.8348426596997545
S12_AGTG,2116293,2081573,242917,242917,242917,21.49,41,0.31987534695358116,0.3292671789806723,-0.3246034630275789,-0.3246034053864751,-0.3246034053864751,-1.1057934834255125
S8_TCAC,2746737,2693498,293079,293079,293079,30.37,42,0.7612928307730487,0.7670469663992551,-0.023151166206076716,-0.023151106285395785,-0.023151106285395785,-0.7946951323772056
S15_GTGA,1315156,1289795,294113,294113,294113,19.58,43,-0.24105612155857328,-0.23718198476114338,-0.016937265745300963,-0.016937205777630627,-0.016937205777630627,-1.1727076557793714
S17_AGTG,1211622,1194838,132504,132504,132504,73.41,44,-0.3135474415961417,-0.3051155636701704,-0.9881386579749998,-0.9881386053515376,-0.9881386053515376,0.7131509294605343
S15_CTAC,225581,220766,81273,81273,81273,76.86,45,-1.0039429995883369,-1.0019804296102672,-1.2960151903792576,-1.2960151400839524,-1.2960151400839524,0.8340168428745726
S13_GACT,321060,313429,101824,101824,101824,74.94,46,-0.9370915426189645,-0.9356880107001586,-1.172512416327611,-1.1725123650983802,-1.1725123650983802,0.7667523345398034
S16_TCAG,1144739,1112625,261438,261438,261438,57.34,47,-0.3603768595465027,-0.36393190499148254,-0.21330012605076298,-0.2133000675679852,-0.2133000675679852,0.15016100813775377
S15_AGTG,1307156,1279429,239541,239541,239541,34.7,48,-0.2466574753196619,-0.24459796756358002,-0.34489178793626263,-0.34489173044857874,-0.34489173044857874,-0.6429996526430649
S12_GCTT,634888,624699,112705,112705,112705,77.26,49,-0.7173588366021005,-0.7130010565312944,-1.1071222316915368,-1.1071221799678261,-1.1071221799678261,0.848030282110983
S15_TCAC,232362,228132,52619,52619,52619,65.12,50,-0.9991951521065942,-0.9967106891778199,-1.4682135499566933,-1.468213500963549,-1.468213500963549,0.42272240128593264
S15_TGTC,1509063,1484015,465042,465042,465042,15.27,51,-0.10528840858964746,-0.09823425372803127,1.0102733646801716,1.0102734324155909,1.0102734324155909,-1.3237024635516914
S15_GACT,1835523,1793572,261873,261873,261873,32.55,52,0.12328883501597548,0.12322719604756902,-0.21068596096329928,-0.21068590246075322,-0.21068590246075322,-0.71832188853877
S8_CTAC,1560781,1532313,264920,264920,264920,32.12,53,-0.06907705686264995,-0.06368118239944899,-0.19237478620122606,-0.1923747275602112,-0.1923747275602112,-0.733386335717911
S16_GCTT,962139,947100,137831,137831,137831,74.33,54,-0.48822775914335,-0.4823508277556463,-0.9561256524096686,-0.9561255995441247,-0.9561255995441247,0.7453818397042778
S16_CTAC,4444702,4338245,534207,534207,534207,35.71,55,1.9501556606413986,1.9437221995035596,1.4259256135868978,1.4259256844654724,1.4259256844654724,-0.6076157185711292
S15_AGAC,195662,190107,62606,62606,62606,74.53,56,-1.024891362485588,-1.0239143112174351,-1.4081959252934753,-1.4081958758464788,-1.4081958758464788,0.752388559322483
S13_TCAC,232658,226029,45205,45205,45205,73.09,57,-0.9989879020174338,-0.9982152050791825,-1.5127685383669365,-1.5127684897107163,-1.5127684897107163,0.7019401780714063
S16_TGTC,4636142,4551346,519923,519923,519923,22.07,58,2.0841960561442487,2.0961776645992614,1.3400848455194696,1.3400849157489176,1.3400849157489176,-1.0854739965327178
S17_CATC,4179128,4086868,534928,534928,534928,16.3,59,1.7642089201729807,1.7638835434232865,1.4302585170996824,1.4302585880110223,1.4302585880110223,-1.2876178575179351
S17_GTGA,696796,681416,114751,114751,114751,73.16,60,-0.6740127605219164,-0.6724249136983986,-1.0948266414180867,-1.0948265896013973,-1.0948265896013973,0.7043925299377779
S9_CTAC,1512670,1484230,270691,270691,270691,18.05,61,-0.10276289821261664,-0.09808043969151536,-0.1576935293742078,-0.1576934704709339,-0.1576934704709339,-1.2263090608586404
S16_TCAC,1245831,1221716,247652,247652,247652,80.38,62,-0.28959535274450665,-0.28588666286331227,-0.29614812581116384,-0.29614806795488124,-0.29614806795488124,0.9573351081549824
S16_GACT,621403,608886,134943,134943,134943,76.88,64,-0.7268006185356355,-0.7243139000635085,-0.973481304760462,-0.9734812520261612,-0.9734812520261612,0.8347175148363929
S17_TCAG,4267681,4173258,453686,453686,453686,32.79,65,1.8262110051236904,1.8256881695377472,0.9420286319600851,0.942028699179439,0.942028699179439,-0.7099138249969238
S13_GTGA,310055,299923,77605,77605,77605,77.0,66,-0.9447969048865621,-0.9453503938498509,-1.3180583111627446,-1.3180582610341292,-1.3180582610341292,0.8389215466073161
S17_GCTT,142962,138225,77500,77500,77500,1.58,67,-1.0617902803867592,-1.0610314267640315,-1.3186893165286842,-1.3186892664048402,-1.3186892664048402,-1.8033124214178315
S8_TGTC,1335757,1309442,308742,308742,308742,26.4,68,-0.22663193545455002,-0.22312624348008298,0.07097680566735715,0.07097686629983217,0.07097686629983217,-0.9337785167985772
S3_AGAC,756966,736961,228974,228974,228974,82.95,10A,-0.6318835785463288,-0.6326872362180453,-0.40839496604943226,-0.4083949090419583,-0.4083949090419583,1.0473714552489184
S11_AGTG,659588,644837,119464,119464,119464,82.37,10B,-0.7000646568647395,-0.6985940469156791,-1.0665035148497732,-1.0665034628189047,-1.0665034628189047,1.0270519683561234
S11_CATC,656317,626948,261607,261607,261607,82.36,11A,-0.7023549103838046,-0.7113920901679257,-0.21228450789034606,-0.21228444939988816,-0.21228444939988816,1.0267016323752132
S11_GTGA,808437,782594,194937,194937,194937,82.2,11B,-0.5958451686167049,-0.600040743528137,-0.6129428673873668,-0.6129428119266805,-0.6129428119266805,1.0210962566806492
S12_TGTC,3548964,3476022,314769,314769,314769,6.4,12A,1.3229874837351514,1.3268756878437769,0.10719651367228507,0.10719657457865289,0.10719657457865289,-1.6344504786190883
S12_TCAC,2685056,2643558,271823,271823,271823,7.13,12B,0.7181056931058354,0.7313191850801652,-0.1508906905718885,-0.15089063161717167,-0.15089063161717167,-1.6088759520126394
S7_AGTG,1807389,1765777,458740,458740,458740,34.84,13A,0.10359027417666715,0.10334226048961746,0.9724010235739735,0.9724010910230029,0.9724010910230029,-0.6380949489103213
S11_TCAG,5134216,4992508,609551,609551,609551,17.53,13B,2.432932140294304,2.4117911900756788,1.8787110258854358,1.8787111001879657,1.8787111001879657,-1.2445265318659737
S11_GCTT,1759724,1714391,372128,372128,372128,44.57,14A,0.07021670829888116,0.0665799903481928,0.45189972114775545,0.45189978466076297,0.45189978466076297,-0.2972180394846427
S7_AGAC,502216,484156,201763,201763,201763,81.43,50B,-0.8102516873759938,-0.8135475036664334,-0.5719215090263848,-0.5719214532554958,-0.5719214532554958,0.9941203861505595
S8_GTGA,1040736,1014687,256446,256446,256446,55.83,15A,-0.43319655894831494,-0.4339981334021557,-0.24329992402000142,-0.2432998657640816,-0.2432998657640816,0.097260275020305
S8_TCAG,1555044,1518998,351539,351539,351539,40.27,15B,-0.0730939276785706,-0.07320692145158517,0.32816858324938797,0.32816864582674277,0.32816864582674277,-0.4478625112760525
S11_CTAC,1290940,1252588,272157,272157,272157,45.96,15C,-0.2580114193933885,-0.2638003980478749,-0.1488834925507095,-0.14888343358081424,-0.14888343358081424,-0.24852133813811716
S2_GCTT,3182031,3108410,573213,573213,573213,48.3,16A,1.0660722912829612,1.0638808711382655,1.6603350926710556,1.6603351653222305,1.6603351653222305,-0.1665427186051175
S2_CTAC,1445015,1412668,360326,360326,360326,73.13,16B,-0.1501328468009228,-0.1492769051852419,0.38097471801615446,0.38097478099282833,0.38097478099282833,0.7033415219950471
S9_AGTG,1916960,1879736,200420,200420,200420,0.88,17A,0.180308515796197,0.1848701385701572,-0.5799923681354969,-0.5799923124256395,-0.5799923124256395,-1.8278359400815491
S4_GTGA,1906559,1866114,455362,455362,455362,45.58,17B,0.1730260557375617,0.17512476738215876,0.9521006795154624,0.952100746810981,0.952100746810981,-0.26183410541270696
S9_GACT,2654385,2601472,240773,240773,240773,0.68,1A,0.6966308029550419,0.7012102662857076,-0.33748799164257237,-0.3374879340989011,-0.3374879340989011,-1.8348426596997545
S10_GTGT,3518447,3447973,341665,341665,341665,0.57,1B,1.301620419644259,1.3068090370984995,0.2688300405514191,0.2688301026800569,0.2688301026800569,-1.8386963554897673
S3_ACCA,2335702,2265169,566244,566244,566244,52.0,20A,0.4734987753744172,0.46061435036752874,1.618454365097413,1.6184544374318868,1.6184544374318868,-0.03691840566832282
S11_TGTC,8503390,8352514,1358318,1358318,1358318,46.4,20B,4.791924072377043,4.8155869369485185,6.378482405299052,6.378482513628773,6.378482513628773,-0.23310655497806598
S5_GACT,3797469,3705031,665849,665849,665849,47.73,21A,1.4969830357850664,1.4907119608134092,2.2170380743774603,2.2170381512384134,2.2170381512384134,-0.18651186951700205
S5_GTGT,868276,852729,211054,211054,211054,82.25,21B,-0.5539477426529823,-0.5498651739884021,-0.5160865485031088,-0.5160864923099967,-0.5160864923099967,1.0228479365852003
S7_TCAG,1908978,1870015,319966,319966,319966,80.23,22A,0.17471976508107084,0.17791559787726827,0.138428274498834,0.13842833564137585,0.13842833564137585,0.9520800684413289
S7_GCTT,1690674,1662409,274559,274559,274559,82.71,22B,0.0218700236484852,0.02939133338926357,-0.13444849360797897,-0.13444843452892652,-0.13444843452892652,1.0389633917070717
S5_TCAC,1399326,1370157,270141,270141,270141,82.42,24A,-0.18212287829971988,-0.17968987498211467,-0.1609987955767481,-0.16099873669846856,-0.16099873669846856,1.0288036482606746
S7_GTGA,1850530,1797391,365798,365798,365798,83.11,24B,0.13379627450255754,0.1259593625845655,0.4138591119439735,0.41385917516931864,0.41385917516931864,1.0529768309434822
S6_ACCA,415967,403782,130438,130438,130438,81.22,26A,-0.8706405824435102,-0.871048198414942,-1.0005544397467239,-1.0005543872171496,-1.0005543872171496,0.9867633305514439
S6_AGTG,1352515,1330394,195729,195729,195729,82.27,26B,-0.21489849966350968,-0.20813688676807718,-0.6081832840557088,-0.6081832285590306,-0.6081832285590306,1.0235486085470207
S4_TCAG,1435188,1405794,273862,273862,273862,84.14,27A,-0.1570134097272,-0.1541946618690109,-0.1386371673228346,-0.1386371082754568,-0.1386371082754568,1.0890614369772387
S12_GTGA,783767,756387,210205,210205,210205,82.51,27B,-0.6131183432774618,-0.6187896014582408,-0.5211886776048482,-0.5211886214503183,-0.5211886214503183,1.031956672088867
S14_GTGT,618834,574766,146388,146388,146388,6.29,28A,-0.7285993532621651,-0.7487238299515209,-0.9047017198730554,-0.9047016666186445,-0.9047016666186445,-1.6383041744091011
S8_GCTT,1399448,1370590,376867,376867,376867,31.82,28B,-0.1820374576548633,-0.17938010066671287,0.4803790966638254,0.48037916039219347,0.48037916039219347,-0.7438964151452185
S14_AGAC,6308599,6128186,642654,642654,642654,11.65,29A,3.2551989695453676,3.22427127083061,2.0776459842539654,2.077646060060838,2.077646060060838,-1.450524088641204
S14_ACCA,3817840,3710587,447868,447868,447868,32.5,29B,1.5112461829684585,1.4946868016826294,0.9070649251121224,0.9070649920670815,0.9070649920670815,-0.7200735684433212
S14_AGTG,4029370,3932685,475572,475572,475572,31.63,29C,1.6593529781038423,1.6535788476459292,1.073554188521534,1.0735542567354819,1.0735542567354819,-0.7505527987825135
S12_CTAC,3074487,3016244,612030,612030,612030,4.38,2A,0.9907732926726471,0.997944013047452,1.893608762096522,1.8936088365117083,1.8936088365117083,-1.7052183467629598
S11_GTGT,2946544,2867269,510038,510037,510037,29.69,2B,0.9011915421407773,0.8913651940243963,1.28068019749745,1.280674257702722,1.280674257702722,-0.818517979079103
S12_ACCA,305951,299079,121605,121605,121605,78.21,30 replic.,-0.9476703993660005,-0.9459542033699412,-1.0536370149595211,-1.0536369628313562,-1.0536369628313562,0.8813122002974568
S3_AGTG,1289980,1268701,192919,192919,192919,82.78,30A,-0.2586835818447191,-0.252272930278662,-0.6250701895632328,-0.6250701341942532,-0.6250701341942532,1.041415743573444
S3_GTGA,1445270,1413338,290302,290302,290302,83.24,30B,-0.14995430364978807,-0.14879757772261096,-0.039839755741448345,-0.03983969594696624,-0.03983969594696624,1.0575311986953155
S7_TCAC,4297856,4198337,643939,643939,643939,55.83,31A,1.8473386113412964,1.8436300403367352,2.0853682880180826,2.085368363883351,2.085368363883351,0.097260275020305
S14_CATC,1621275,1568721,322334,322334,322334,47.51,31B,-0.02672102005973825,-0.03763438499725794,0.15265894789449838,0.15265900914465236,0.15265900914465236,-0.19421926109702764
S10_TCAG,1723374,1669458,349633,349633,349633,21.71,32A,0.04476555714693484,0.03443428754461527,0.31671433346385747,0.3167143959545954,0.3167143959545954,-1.098086091845487
S10_GCTT,973721,954555,171501,171501,171501,81.42,32B,-0.48011839923573396,-0.4770174154662227,-0.7537832650650655,-0.7537832106694119,-0.7537832106694119,0.9937700501696491
S14_GTGA,1187322,1145122,257091,257091,257091,82.52,32C,-0.33056155364544826,-0.3406830922256343,-0.2394237482006587,-0.2394236899154273,-0.2394236899154273,1.0323070080697772
S13_ACCA,1749308,1717968,253975,253975,253975,30.04,33A,0.0629237457019438,0.06913902666734346,-0.2581495836317779,-0.25814952548815095,-0.25814952548815095,-0.8062562197472442
S13_AGTG,1743374,1712528,221380,221380,221380,35.9,33B,0.05876894154965633,0.06524717383642939,-0.4540316779441432,-0.4540316212817732,-0.4540316212817732,-0.6009593349338344
S9_CATC,1462215,1426644,229515,229515,229515,41.09,33C,-0.1380899362145823,-0.13927827739758475,-0.40514378602111534,-0.405143728989056,-0.405143728989056,-0.41913496084141155
S7_CTAC,1088327,1061121,311347,311347,311347,81.53,34A,-0.39987480559281896,-0.40077859399946014,0.08663174831757073,0.08663180906842816,0.08663180906842816,0.997623745959662
S14_TCAG,1981255,1913761,500309,500309,500309,39.46,34B,0.2253258958048459,0.20921210411645333,1.2222130431619689,1.2222131125000726,1.2222131125000726,-0.4762397257297833
S12_GACT,2495362,2428617,461708,461708,461708,44.46,35A,0.5852877930613428,0.5775473579975365,0.9902374419178637,0.9902375095017718,0.9902375095017718,-0.30107173527465547
S3_GCTT,2064814,2027665,311167,311167,311167,83.29,35B,0.2838313356701962,0.29070063442020994,0.08555002483310299,0.08555008557578045,0.08555008557578045,1.0592828785998671
S3_CTAC,1175615,1141745,352408,352408,352408,83.34,35C,-0.3387584347055813,-0.343099045720119,0.3333909038494017,0.33339096646624755,0.33339096646624755,1.0610345585044183
S9_TCAG,2857429,2813264,384589,384589,384589,11.5,36A,0.838795962088351,0.8527292542939708,0.5267850341474911,0.5267850982267801,0.5267850982267801,-1.455779128354858
S8_AGAC,592481,570268,217430,217430,217430,83.57,36B,-0.747050912720411,-0.7519417626782583,-0.47776949885329617,-0.47776944237043123,-0.47776944237043123,1.0690922860653538
S4_GCTT,1156035,1137636,181929,181929,181929,81.45,37A,-0.35246774803584563,-0.34603868235288116,-0.6911154178649016,-0.6911153629953548,-0.6911153629953548,0.99482105811238
S4_CTAC,785894,768471,241495,241495,241495,82.37,37B,-0.6116290833462324,-0.6101445371919236,-0.333149078554874,-0.33314902097839194,-0.33314902097839194,1.0270519683561234
S16_AGAC,834205,798403,279145,279145,279145,82.19,37B replic.,-0.5778032081522385,-0.5887307616524163,-0.10688858305370663,-0.10688852376624661,-0.10688852376624661,1.0207459206997387
S2_GTGT,964271,943905,246724,246724,246724,82.91,38A,-0.48673499836601986,-0.484636575879685,-0.3017250113310864,-0.3017249535169761,-0.3017249535169761,1.045970111325277
S2_AGAC,593822,577592,202438,202438,202438,83.49,38B,-0.7461119857962086,-0.7467020696389909,-0.5678650459596308,-0.5678649901580669,-0.5678649901580669,1.0662895982180718
S10_GACT,1409646,1379536,304492,304492,304492,33.28,39A,-0.1748971319479156,-0.17298000591940457,0.04543611228409124,0.04543617272342798,0.04543617272342798,-0.6927473619323212
S9_TCAC,1721926,1683602,252834,252834,252834,11.12,39B,0.0437517121161778,0.04455310490499184,-0.2650065086083206,-0.2650064505165456,-0.2650064505165456,-1.4690918956294476
S10_CATC,3097836,3035393,444496,444496,444496,0.32,3A,1.0071215437936043,1.011643478095094,0.8868006385030937,0.8868007053048144,0.8868007053048144,-1.8474547550125235
S10_GTGA,3069475,2995523,480603,480603,480603,0.33,3B,0.9872640445413251,0.9831199169979353,1.103788359912407,1.1037884283549853,1.1037884283549853,-1.8471044190316135
S3_TCAG,2198432,2155202,444273,444273,444273,55.48,40A,0.3773865465263382,0.38194240546732156,0.8854605032973364,0.8854605700889231,0.8854605700889231,0.084998515688446
S14_GACT,1831489,1799929,300250,300250,300250,10.98,40B,0.12046435238194655,0.1277750836295765,0.01994349550013501,0.019943555746697025,0.019943555746697025,-1.4739965993621913
S6_TCAG,1157831,1132798,200083,200083,200083,82.35,41A,-0.3512102441164812,-0.3494998558815507,-0.582017594881417,-0.5820175391868744,-0.5820175391868744,1.0263512963943027
S4_GACT,662736,642720,196518,196518,196518,83.74,41A replic.,-0.6978605241597512,-0.7001085786147683,-0.6034417294487918,-0.6034416739162581,-0.6034416739162581,1.0750479977408283
S7_CATC,985504,954087,259006,259006,259006,41.78,41B,-0.47186830531487056,-0.47735222927594106,-0.22791541224090478,-0.22791535386864753,-0.22791535386864753,-0.394961778158604
S10_TGTC,1807110,1770185,390974,390974,390974,26.3,42A,0.10339492696424919,0.10649580594525519,0.5651561699715271,0.565156234340978,0.565156234340978,-0.9372818766076796
S14_GCTT,637697,610225,195117,195117,195117,34.28,42B,-0.7153920612627384,-0.7233559605523698,-0.611861143902899,-0.6118610884340328,-0.6118610884340328,-0.6577137638412957
S5_GTGA,1245412,1218085,254937,254937,254937,66.08,43A,-0.2898887236477437,-0.28848433154512276,-0.2523683725647892,-0.2523683143774449,-0.2523683143774449,0.456354655453317
S1_ACCA,1066689,1013357,368211,368211,368211,69.46,43A replic.,-0.4150250671781234,-0.4349496341861843,0.4283602162107549,0.42836027954575706,0.42836027954575706,0.5747682170009832
S6_CTAC,424427,411563,130964,130964,130964,82.57,43B,-0.864717150841159,-0.8654815611213129,-0.9973934033421127,-0.9973933507886347,-0.9973933507886347,1.0340586879743283
S5_AGAC,341039,329153,118387,118387,118387,82.52,44A,-0.923102861769866,-0.924438839024921,-1.0729758270318386,-1.0729757750499136,-1.0729757750499136,1.0323070080697772
S5_ACCA,206976,201630,66767,66767,66767,78.8,44B,-1.0169696479289685,-1.015670594274306,-1.3831900840775295,-1.3831900344414394,-1.3831900344414394,0.901982023171162
S1_AGTG,900585,878769,224283,224283,224283,51.87,45A,-0.5313259753196059,-0.5312357902168943,-0.4365858819696441,-0.43658582517534933,-0.43658582517534933,-0.041472773420156234
S1_CATC,1338044,1301135,422695,422695,422695,53.45,45B,-0.2250306484480988,-0.22906918860258355,0.7557858958093101,0.7557859616202997,0.7557859616202997,0.013880311563664337
S2_TGTC,905783,886726,187668,187668,187668,81.93,46A,-0.5276864957133386,-0.5255432400375591,-0.6566264674351221,-0.6566264123047704,-0.6566264123047704,1.0116371851960724
S2_TCAC,1133755,1111418,221958,221958,221958,81.78,46B,-0.3680675182604774,-0.36479540983834163,-0.45055814364401897,-0.45055808695538224,-0.45055808695538224,1.0063821454824182
S1_TGTC,1047888,1025616,207191,207191,207191,82.41,47A,-0.4281889486859017,-0.4261793724482844,-0.5393015363947691,-0.5393014803772083,-0.5393014803772083,1.0284533122797643
S1_TCAC,1339342,1306045,345299,345299,345299,83.61,47B,-0.2241218288003622,-0.22555650525703427,0.2906688357878399,0.2906688980816223,0.2906688980816223,1.070493629988995
S6_GTGT,1693758,1650976,390358,390358,390358,37.19,48A,0.024029345523384853,0.021212003717234064,0.561454271824682,0.561454336166139,0.561454336166139,-0.5557659933964114
S2_TCAG,1941007,1892832,447605,447605,447605,41.94,48B,0.19714548503280918,0.19423920192928412,0.9054844069098169,0.9054844738528239,0.9054844738528239,-0.38935640246404
S15_CATC,258232,249907,109865,109865,109865,81.72,49A,-0.9810817743816739,-0.9811325466423136,-1.124189424446472,-1.1241893728518233,-1.1241893728518233,1.0042801295969568
S9_GCTT,652579,640489,124298,124298,124298,79.12,49B,-0.7049721429286733,-0.701704667523917,-1.037453229716901,-1.0374531774663547,-1.0374531774663547,0.9131927745602905
S15_TCAG,1464660,1436260,261843,261843,261843,1.73,4A,-0.13637802247134959,-0.13239885518764546,-0.21086624821071057,-0.21086618970952786,-0.21086618970952786,-1.7980573817041776
S13_GTGT,1487067,1443411,323836,323836,323836,18.59,4B,-0.12068933075576056,-0.12728292879171413,0.16168532941489022,0.16168539073330154,0.16168539073330154,-1.2073909178894868
S2_ACCA,735245,710739,271384,271384,271384,83.95,50A,-0.6470919541769045,-0.6514468253599992,-0.15352889395900704,-0.15352883502424022,-0.15352883502424022,1.0824050533399439
S2_AGTG,2220435,2168552,500727,500727,500727,40.35,14B,0.3927923698769923,0.39149318401377425,1.2247250454758996,1.224725114832999,1.224725114832999,-0.44505982342877054
S8_ACCA,575101,561752,225691,225691,225691,47.7,51A,-0.759219853766376,-0.7580342293525348,-0.428124400491141,-0.4281243436328606,-0.4281243436328606,-0.18756287745973263
S8_AGTG,933758,912114,244943,244943,244943,48.48,51B,-0.508099261780032,-0.5073803062744624,-0.31242806425240327,-0.3124280065192292,-0.3124280065192292,-0.1602366709487329
S5_GCTT,1242396,1221030,223958,223958,223958,82.56,52A,-0.2920004340156741,-0.2863774369519165,-0.4385389938165997,-0.43853893703707436,-0.43853893703707436,1.0337083519934183
S5_CTAC,516180,502508,166842,166842,166842,82.73,52B,-0.8004745243860137,-0.800418223675085,-0.7817818745880387,-0.78178182040411,-0.78178182040411,1.0396640636688927
S7_GACT,1639003,1601395,441388,441388,441388,58.29,53A,-0.014308420125165918,-0.014258943931580332,0.8681228796712841,0.868122946331764,0.868122946331764,0.1834429263242279
S1_TCAG,1127803,1101711,222651,222651,222651,82.53,53B,-0.3722349254587273,-0.3717399347335039,-0.44639350822881824,-0.44639345150868853,-0.44639345150868853,1.0326573440506874
S3_TGTC,1486522,1457767,282685,282685,282685,82.4,54A,-0.12107092298073473,-0.11701244363719164,-0.08561468785917456,-0.0856146284108417,-0.0856146284108417,1.0281029762988543
S3_TCAC,1555380,1521421,365213,365213,365213,83.31,54B,-0.07285867082060489,-0.07147347303075709,0.4103435106194534,0.41034357381821357,0.41034357381821357,1.0599835505616875
S3_GACT,1327652,1296197,342294,342294,342294,84.46,54C,-0.23230680698375292,-0.23260190354358606,0.2726100631721425,0.27261012532936474,0.27261012532936474,1.1002721883663666
S9_TGTC,1101086,1080917,238742,238742,238742,18.99,55A,-0.3909413465131028,-0.3866162560140236,-0.34969343829231664,-0.3496933808409427,-0.3496933808409427,-1.1933774786530764
S2_GACT,1181323,1153408,286301,286301,286301,37.43,55B,-0.33476186879704456,-0.33475517079972367,-0.06388406497120055,-0.06388400535854111,-0.06388400535854111,-0.5473579298545652
S6_CATC,266883,256123,88614,88614,88614,79.62,56A,-0.9750246104582767,-0.9766855324516956,-1.2518989009377153,-1.2518988503088035,-1.2518988503088035,0.9307095736058032
S6_GTGA,1543992,1506054,386045,386045,386045,52.68,56B,-0.08083219789951451,-0.08246724186396599,0.5355349752218523,0.5355350393673082,0.5355350393673082,-0.013095558966425452
S5_AGTG,1155748,1138141,159731,159731,159731,82.66,57A,-0.3526686966020247,-0.3456773982205996,-0.8245159617994279,-0.8245159079386537,-0.8245159079386537,1.0372117118025206
S5_CATC,370004,359003,145142,145142,145142,83.55,57B,-0.9028224603086246,-0.9030837274435267,-0.9121896502155376,-0.9121895970177503,-0.9121895970177503,1.0683916141035334
S1_GTGA,1825193,1782886,462672,462672,462672,50.59,58A,0.11605608697196983,0.11558228072566687,0.9960306721346798,0.9960307397623962,0.9960307397623962,-0.08631577897666874
S6_TGTC,1077893,1055434,219568,219568,219568,82.9,58B,-0.40718037123571876,-0.40484715411883665,-0.464921027687785,-0.4649209711077601,-0.4649209711077601,1.045619775344367
S6_TCAC,1751683,1712695,423392,423392,423392,50.53,58C,0.06458664759976698,0.06536664799502546,0.7599745695241658,0.7599746353668299,0.7599746353668299,-0.08841779486213035
S10_ACCA,954485,923734,287115,287115,287115,36.58,59A,-0.49358685435427146,-0.49906719416137024,-0.05899227099144092,-0.05899221134178981,-0.05899221134178981,-0.577136488231937
S6_AGAC,1130118,1099365,396539,396539,396539,53.27,59B,-0.3706140337141123,-0.3734182962668356,0.5985994543663211,0.5985995189886695,0.5985995189886695,0.007574263907279747
S11_AGAC,459971,445927,157130,157130,157130,81.42,5A,-0.8398303360806423,-0.8408970701872079,-0.8401468661499866,-0.840146812407413,-0.840146812407413,0.9937700501696491
S3_GTGT,1123418,1101715,263747,263747,263747,83.34,5B,-0.375305167489024,-0.3717370730770106,-0.19942401757500744,-0.19942395898729878,-0.19942395898729878,1.0610345585044183
S3_CATC,567537,554115,190911,190911,190911,82.39,5C,-0.7645159337474853,-0.7634978470124044,-0.6371374159899618,-0.6371373607122343,-0.6371373607122343,1.027752640317944
S1_GCTT,959156,941626,158439,158439,158439,82.46,60A,-0.4903163639270159,-0.4862670046667536,-0.8322803325879407,-0.8322802787858805,-0.8322802787858805,1.0302049921843155
S1_CTAC,876627,851603,316539,316539,316539,84.83,60B,-0.548100629495626,-0.5506707302912714,0.1178334612695511,0.11783352225635534,0.11783352225635534,1.1132346196600462
S13_GCTT,787480,773040,180468,180468,180468,59.33,61A,-0.6105186149630967,-0.6068758100624299,-0.6998954068138313,-0.6998953520106787,-0.6998953520106787,0.21987786833889444
S4_GTGT,421759,413338,137730,137730,137730,81.3,61B,-0.866585202320482,-0.8642117010524025,-0.9567326194759533,-0.9567325666149992,-0.9567325666149992,0.9895660183987259
S4_AGAC,741549,717893,272227,272227,272227,61.89,61C,-0.6426780874131667,-0.6463287527216979,-0.14846282230674981,-0.14846276333367348,-0.14846276333367348,0.30956387945192
S4_ACCA,392701,382129,148292,148292,148292,84.4,62A,-0.8869307195191961,-0.8865390604274019,-0.8932594892373522,-0.8932594358964154,-0.8932594358964154,1.0981701724809054
S4_AGTG,858902,842738,176710,176710,176710,56.0,62B,-0.560511128922538,-0.55701287649459,-0.7224793893395521,-0.7224793347071791,-0.7224793347071791,0.10321598669577942
S4_CATC,843540,819794,329553,329553,329553,44.38,62C,-0.5712671284822683,-0.5734273381402688,0.19604206919656816,0.19604213077478455,0.19604213077478455,-0.30387442312193746
S5_TGTC,1073606,1053244,204632,204632,204632,82.4,63A,-0.41018199668244215,-0.40641391104892893,-0.554680038598952,-0.5546799826976831,-0.5546799826976831,1.0281029762988543
S16_ACCA,474501,459092,174748,174748,174748,82.33,63B,-0.8296568773120652,-0.8314786432535712,-0.7342701753202504,-0.7342701207770391,-0.7342701207770391,1.0256506244324823
S2_CATC,408870,396252,157500,157500,157500,82.83,64A,-0.8756096833988158,-0.8764352667636154,-0.837923323431914,-0.8379232696725261,-0.8379232696725261,1.043167423477995
S1_GACT,1233545,1204402,364504,364504,364504,83.11,64B,-0.2981976317830985,-0.29827334299464425,0.4060827220056333,0.40608278517217344,0.40608278517217344,1.0529768309434822
S1_GTGT,614997,601277,190820,190820,190820,83.31,65A,-0.7312859025598272,-0.7297574861279248,-0.6376842873071094,-0.6376842320335172,-0.6376842320335172,1.0599835505616875
S1_AGAC,570642,552524,216301,216301,216301,83.06,65B,-0.7623419083189628,-0.7646360708826222,-0.4845543089308743,-0.484554252499316,-0.484554252499316,1.051225151038931
S5_TCAG,873281,857156,149117,149117,149117,81.64,65B replic.,-0.5504433957062013,-0.5466980356644211,-0.8883015899335418,-0.8883015365551135,-0.8883015365551135,1.0014774417496748
S8_GTGT,1727478,1692541,327712,327712,327712,49.17,66A,0.04763905162637329,0.05094819175343685,0.18497844178042874,0.18497850327498216,0.18497850327498216,-0.1360634882659251
S2_GTGA,1726253,1680577,365148,365148,365148,64.9,66B,0.0467813443317066,0.042388977181919224,0.40995288825006226,0.4099529514458686,0.4099529514458686,0.4150150097059071
S10_CTAC,1004972,986232,321754,321754,321754,35.5,67A,-0.4582374109372615,-0.4543552422815049,0.1491733944445468,0.14917345566834306,0.14917345566834306,-0.6149727741702445
S12_GTGT,2460424,2411110,439617,439617,439617,9.96,67B,0.5608252808482287,0.5650226029404019,0.8574799224991044,0.8574799890791024,0.8574799890791024,-1.5097308694150373
S7_GTGT,681598,662879,194614,194614,194614,54.11,68A,-0.6846539323295445,-0.685686545302563,-0.614883960084495,-0.6148839046384872,-0.6148839046384872,0.03700248630374109
S6_GACT,2782969,2706626,552994,552994,552994,57.12,68B,0.7866613619570189,0.7764389230103286,1.5388274974907605,1.538827569223097,1.538827569223097,0.14245361655772795
S4_TGTC,2108754,2070261,330555,330555,330555,81.67,8A,0.3145967712029753,0.3211744144175657,0.20206366326010522,0.2020637248838568,0.2020637248838568,1.0025284496924056
S4_TCAC,1601901,1563440,355262,355262,355262,82.77,8B,-0.04028609853065456,-0.04141248698256257,0.35054223065312895,0.35054229339967286,0.35054229339967286,1.0410654075925334
S9_GTGT,283729,276837,91338,91338,91338,80.27,9A,-0.9632295597758644,-0.9618664443010424,-1.2355288188727702,-1.2355287681200682,-1.2355287681200682,0.9534814123649695
S17_GTGT,12717,11924,5285,5285,5285,49.78,9B,-1.1529838204633822,-1.1513889459547075,-1.7526707689222247,-1.752670722080141,-1.752670722080141,-0.11469299343039951
